AccNum	Query	STitle	Species	TaxID	Lineage	PcPositive	PcIdentity	AlnLength	SAccNum	SAllSeqID	Mismatch	GapOpen	QStart	QEnd	QLength	SStart	SEnd	SLength	EValue	BitScore	PcPosOrig	Name	QueryName	ClusterID	DomArch.Pfam	DomArch.SMART	DomArch.Phobius	DomArch.Gene3D	DomArch.TMHMM	DomArch.SignalP_GRAM_POSITIVE	DomArch.SUPERFAMILY	DomArch.MobiDBLite	DomArch.TIGRFAM
WP_111143678.1	ivanovii	cell surface protein [Listeria ivanovii]	Listeria ivanovii	1638	Bacteria>Firmicutes	100	99.71	350	WP_111143678	ref|WP_111143678.1|	1	0	1	350	350	1	350	350	0	545	100	Liv_WP_111143678.1	ivanovii	18.4	Internalin_N	NA	SigP+SigP_Nterm+SigP_H+SigP_Cterm+NonCyt	Ribonuclease Inhibitor	Region of a membrane-bound protein predicted to be embedded in the membrane.	SignalP-TM	L domain-like	NA	NA
WP_014601135.1	monocytogenes_inlP	class 3 internalin InlP [Listeria monocytogenes]	Listeria monocytogenes	1639	Bacteria>Firmicutes	100	99.74	388	WP_014601135	ref|WP_014601135.1|	0	1	1	387	387	1	388	388	5.27e-111	339	99.74	Lm_WP_014601135.1	monocytogenes_inlP	3.122	NA	NA	NA	NA	NA	NA	NA	NA	NA
WP_012986389.1	seeligeri_1_RS12040	cell surface protein [Listeria seeligeri]	Listeria seeligeri	1640	Bacteria>Firmicutes	100	100	346	WP_012986389	ref|WP_012986389.1|	0	0	1	346	346	1	346	346	6.03e-164	470	100	Ls_WP_012986389.1	seeligeri_1_RS12040	12.8	Internalin_N	NA	SigP+SigP_Nterm+SigP_H+SigP_Cterm+NonCyt	Internalin N-terminal Cap domain-like+Ribonuclease Inhibitor	Region of a membrane-bound protein predicted to be embedded in the membrane.	SignalP-TM	L domain-like	NA	NA
WP_010990000.1	monocytogenes_inlP	class 3 internalin InlP [Listeria monocytogenes]	Listeria monocytogenes	1639	Bacteria>Firmicutes	99.74	99.48	388	WP_010990000	ref|WP_010990000.1|;ref|NP_465993.1|	1	1	1	387	387	1	388	388	1.97e-108	332	99.48	Lm_WP_010990000.1	monocytogenes_inlP	3.122	Internalin_N+LRR_4+LRR_1	LRR_bac_2+LRR_typ_2+LRR_bac_2+LRR_typ_2+LRR_typ_2+LRR_bac_2+LRR_typ_2	SigP+SigP_Nterm+SigP_H+SigP_Cterm+NonCyt	Ribonuclease Inhibitor+Ribonuclease Inhibitor	Region of a membrane-bound protein predicted to be embedded in the membrane.	SignalP-TM	L domain-like	NA	NA
WP_110115325.1	monocytogenes_inlP	cell surface protein [Listeria monocytogenes]	Listeria monocytogenes	1639	Bacteria>Firmicutes	99.49	92.11	418	WP_110115325	ref|WP_110115325.1|	2	2	1	387	387	1	418	418	3.85e-106	328	92.11	Lm_WP_110115325.1	monocytogenes_inlP	3.122	Internalin_N+Internalin_N+LRR_4+LRR_1	LRR_bac_2+LRR_typ_2+LRR_bac_2+LRR_typ_2+LRR_typ_2+LRR_bac_2+LRR_typ_2	SigP+SigP_Nterm+SigP_H+SigP_Cterm+NonCyt	Ribonuclease Inhibitor+Ribonuclease Inhibitor	Region of a membrane-bound protein predicted to be embedded in the membrane.	SignalP-TM	L domain-like	NA	NA
WP_110135527.1	monocytogenes_inlP	cell surface protein [Listeria monocytogenes]	Listeria monocytogenes	1639	Bacteria>Firmicutes	99.49	91.63	418	WP_110135527	ref|WP_110135527.1|	4	2	1	387	387	1	418	418	1.92e-102	318	92.11	Lm_WP_110135527.1	monocytogenes_inlP	3.122	Internalin_N+LRR_8	LRR_bac_2+LRR_typ_2+LRR_bac_2+LRR_typ_2+LRR_typ_2+LRR_bac_2+LRR_typ_2	SigP+SigP_Nterm+SigP_H+SigP_Cterm+NonCyt	Internalin N-terminal Cap domain-like+Ribonuclease Inhibitor+Ribonuclease Inhibitor	Region of a membrane-bound protein predicted to be embedded in the membrane.	SignalP-TM	L domain-like	NA	NA
WP_079442373.1	monocytogenes_inlP	class 3 internalin InlP [Listeria monocytogenes]	Listeria monocytogenes	1639	Bacteria>Firmicutes	99.23	98.45	388	WP_079442373	ref|WP_079442373.1|	5	1	1	387	387	1	388	388	8.16e-109	333	98.97	Lm_WP_079442373.1	monocytogenes_inlP	3.122	Internalin_N+LRR_4	LRR_bac_2+LRR_typ_2+LRR_bac_2+LRR_typ_2+LRR_typ_2+LRR_bac_2+LRR_typ_2	SigP+SigP_Nterm+SigP_H+SigP_Cterm+NonCyt	Ribonuclease Inhibitor+Ribonuclease Inhibitor	Region of a membrane-bound protein predicted to be embedded in the membrane.	SignalP-TM	L domain-like	NA	NA
WP_046326327.1	seeligeri_1_RS12040	cell surface protein [Listeria seeligeri]	Listeria seeligeri	1640	Bacteria>Firmicutes	94.51	87.57	346	WP_046326327	ref|WP_046326327.1|	42	1	1	346	346	1	345	345	3.8e-135	397	94.51	Ls_WP_046326327.1	seeligeri_1_RS12040	12.8	Internalin_N+LRR_8	NA	SigP+SigP_Nterm+SigP_H+SigP_Cterm+NonCyt	Internalin N-terminal Cap domain-like+Ribonuclease Inhibitor	NA	SignalP-TM	L domain-like	NA	NA
WP_149059774.1	seeligeri_2_RS12045	lmo2027 family class 3 internalin [Listeria monocytogenes]	Listeria monocytogenes	1639	Bacteria>Firmicutes	81.85	64.6	370	WP_149059774	ref|WP_149059774.1|	105	3	1	347	347	1	367	367	5.51e-75	244	76.76	Lm_WP_149059774.1	seeligeri_2_RS12045	6.28	Internalin_N	LRR_typ_2+LRR_typ_2+LRR_typ_2	SigP+SigP_Nterm+SigP_H+SigP_Cterm+NonCyt	Ribonuclease Inhibitor+Ribonuclease Inhibitor	Region of a membrane-bound protein predicted to be embedded in the membrane.	SignalP-TM	L domain-like	NA	NA
WP_096931854.1	monocytogenes_inlP	class 3 internalin InlP, partial [Listeria monocytogenes]	Listeria monocytogenes	1639	Bacteria>Firmicutes	74.42	99.65	289	WP_096931854	ref|WP_096931854.1|	0	1	100	387	387	8	296	296	8.61e-91	284	99.65	Lm_WP_096931854.1	monocytogenes_inlP	3.122	LRR_4+LRR_1	LRR_bac_2+LRR_typ_2+LRR_bac_2+LRR_typ_2+LRR_typ_2+LRR_bac_2+LRR_typ_2	NA	Ribonuclease Inhibitor+Ribonuclease Inhibitor	NA	NA	L domain-like	NA	NA
WP_003769168.1	ivanovii	hypothetical protein [Listeria innocua]	Listeria innocua	1642	Bacteria>Firmicutes	60.29	37.02	362	WP_003769168	ref|WP_003769168.1|	201	10	4	350	350	1	350	350	4.61e-51	182	58.29	Lin_WP_003769168.1	ivanovii	5.8	Internalin_N	NA	SigP+SigP_Nterm+SigP_H+SigP_Cterm+NonCyt	Internalin N-terminal Cap domain-like+Ribonuclease Inhibitor	NA	SignalP-TM	L domain-like	NA	NA
WP_160464771.1	ivanovii	hypothetical protein [Listeria monocytogenes]	Listeria	1637	Bacteria>Firmicutes	60.29	36.46	362	WP_160464771	ref|WP_160464771.1|	203	10	4	350	350	1	350	350	1.03e-50	182	58.29	Lmulti_WP_160464771.1	ivanovii	5.8	Internalin_N	NA	SigP+SigP_Nterm+SigP_H+SigP_Cterm+NonCyt	Internalin N-terminal Cap domain-like+Ribonuclease Inhibitor	NA	SignalP-TM	L domain-like	NA	NA
WP_075702544.1	seeligeri_3_RS12050	hypothetical protein [Listeria seeligeri]	Listeria seeligeri	1640	Bacteria>Firmicutes	59.82	38.94	357	WP_075702544	ref|WP_075702544.1|	199	9	1	346	346	1	349	349	1.77e-58	202	57.98	Ls_WP_075702544.1	seeligeri_3_RS12050	14.4	LRR_8	NA	SigP+SigP_Nterm+SigP_H+SigP_Cterm+NonCyt	Ribonuclease Inhibitor	Region of a membrane-bound protein predicted to be embedded in the membrane.	SignalP-TM	L domain-like	NA	NA
WP_159107855.1	monocytogenes_inlP	hypothetical protein [Listeria monocytogenes]	Listeria monocytogenes	1639	Bacteria>Firmicutes	58.14	93.1	232	WP_159107855	ref|WP_159107855.1|	15	1	157	387	387	1	232	232	2.33e-76	245	96.98	Lm_WP_159107855.1	monocytogenes_inlP	3.122	LRR_8+LRR_8	LRR_bac_2+LRR_typ_2+LRR_bac_2+LRR_typ_2+LRR_typ_2+LRR_bac_2+LRR_typ_2	NA	Ribonuclease Inhibitor	NA	NA	L domain-like	NA	NA
WP_099224870.1	monocytogenes_inlP	hypothetical protein [Listeria costaricensis]	Listeria costaricensis	2026604	Bacteria>Firmicutes	55.04	31	458	WP_099224870	ref|WP_099224870.1|	233	10	2	386	387	1	448	449	3.52e-42	163	46.51	Lc_WP_099224870.1	monocytogenes_inlP	131.1	NA	NA	NA	NA	NA	NA	NA	NA	NA
WP_120244111.1	seeligeri_3_RS12050	InlH/InlC2 family class 1 internalin [Listeria monocytogenes]	Listeria monocytogenes	1639	Bacteria>Firmicutes	41.91	21.35	356	WP_120244111	ref|WP_120244111.1|	234	14	3	334	346	10	343	548	7.9e-40	157	40.73	Lm_WP_120244111.1	seeligeri_3_RS12050	1.263	Internalin_N+LRR_4+LRR_4+LRR_adjacent+Flg_new+Flg_new	LRR_sd22_2+LRR_sd22_2+LRR_typ_2+LRR_sd22_2+LRR_typ_2+LRR_sd22_2+LRR_typ_2+LRR_sd22_2+LRR_typ_2	SigP+SigP_Nterm+SigP_H+SigP_Cterm+NonCyt+TM+Cyt	Internalin N-terminal Cap domain-like+Ribonuclease Inhibitor+Listeria-Bacteroides repeat domain superfamily+Listeria-Bacteroides repeat domain superfamily	Region of a membrane-bound protein predicted to be embedded in the membrane.+Region of a membrane-bound protein predicted to be embedded in the membrane.	SignalP-TM	L domain-like+E set domains	NA	List_Bact_rpt+List_Bact_rpt+LPXTG_anchor
WP_075702864.1	ivanovii	internalin [Listeria seeligeri]	Listeria seeligeri	1640	Bacteria>Firmicutes	41.43	28.62	318	WP_075702864	ref|WP_075702864.1|	184	12	5	309	350	6	293	322	1.26e-27	120	45.6	Ls_WP_075702864.1	ivanovii	21.2	NA	NA	SigP+SigP_Nterm+SigP_H+SigP_Cterm+NonCyt	Ribonuclease Inhibitor	NA	SignalP-TM	L domain-like	NA	NA
WP_149051722.1	seeligeri_1_RS12040	internalin [Listeria monocytogenes]	Listeria monocytogenes	1639	Bacteria>Firmicutes	41.32	21.02	352	WP_149051722	ref|WP_149051722.1|	238	14	1	345	346	7	325	595	1.77e-34	143	40.62	Lm_WP_149051722.1	seeligeri_1_RS12040	25.1	Internalin_N+LRR_4+LRR_4+LRR_4+LRR_adjacent+Flg_new+Flg_new	LRR_sd22_2+LRR_bac_2+LRR_sd22_2+LRR_typ_2+LRR_bac_2+LRR_sd22_2+LRR_typ_2+LRR_bac_2+LRR_sd22_2+LRR_typ_2+LRR_sd22_2+LRR_typ_2+LRR_sd22_2+LRR_bac_2+LRR_sd22_2+LRR_typ_2	SigP+SigP_Nterm+SigP_H+SigP_Cterm+NonCyt+TM+Cyt	Ribonuclease Inhibitor+Listeria-Bacteroides repeat domain superfamily+Listeria-Bacteroides repeat domain superfamily	Region of a membrane-bound protein predicted to be embedded in the membrane.+Region of a membrane-bound protein predicted to be embedded in the membrane.	NA	L domain-like+E set domains	consensus disorder prediction+consensus disorder prediction+consensus disorder prediction	List_Bact_rpt+List_Bact_rpt
WP_077384973.1	ivanovii	InlH/InlC2 family class 1 internalin [Listeria monocytogenes]	Listeria monocytogenes	1639	Bacteria>Firmicutes	40.86	22.29	350	WP_077384973	ref|WP_077384973.1|	214	17	2	327	350	6	321	548	2.18e-32	137	40.86	Lm_WP_077384973.1	ivanovii	1.263	Internalin_N+LRR_8+LRR_adjacent+Flg_new+Flg_new	LRR_sd22_2+LRR_sd22_2+LRR_typ_2+LRR_sd22_2+LRR_typ_2+LRR_sd22_2+LRR_typ_2+LRR_sd22_2+LRR_typ_2	SigP+SigP_Nterm+SigP_H+SigP_Cterm+NonCyt+TM+Cyt	Internalin N-terminal Cap domain-like+Ribonuclease Inhibitor+Listeria-Bacteroides repeat domain superfamily+Listeria-Bacteroides repeat domain superfamily	Region of a membrane-bound protein predicted to be embedded in the membrane.+Region of a membrane-bound protein predicted to be embedded in the membrane.	SignalP-TM	L domain-like+E set domains	NA	List_Bact_rpt+List_Bact_rpt+LPXTG_anchor
WP_110109784.1	seeligeri_3_RS12050	InlH/InlC2 family class 1 internalin [Listeria monocytogenes]	Listeria monocytogenes	1639	Bacteria>Firmicutes	40.75	20.84	355	WP_110109784	ref|WP_110109784.1|	237	13	3	334	346	10	343	548	2.01e-38	153	39.72	Lm_WP_110109784.1	seeligeri_3_RS12050	1.263	Internalin_N+LRR_6+LRR_4+LRR_4+LRR_adjacent+Flg_new+Flg_new	LRR_sd22_2+LRR_typ_2+LRR_sd22_2+LRR_typ_2+LRR_sd22_2+LRR_typ_2+LRR_sd22_2+LRR_typ_2+LRR_sd22_2+LRR_typ_2	SigP+SigP_Nterm+SigP_H+SigP_Cterm+NonCyt+TM+Cyt	Ribonuclease Inhibitor+Listeria-Bacteroides repeat domain superfamily+Listeria-Bacteroides repeat domain superfamily	Region of a membrane-bound protein predicted to be embedded in the membrane.+Region of a membrane-bound protein predicted to be embedded in the membrane.	SignalP-TM	L domain-like+E set domains	NA	List_Bact_rpt+List_Bact_rpt+LPXTG_anchor
WP_061105368.1	ivanovii	InlH/InlC2 family class 1 internalin [Listeria monocytogenes]	Listeria monocytogenes	1639	Bacteria>Firmicutes	40.58	23.36	351	WP_061105368	ref|WP_061105368.1|	209	18	2	327	350	6	321	548	6.83e-32	135	40.46	Lm_WP_061105368.1	ivanovii	1.263	Internalin_N+LRR_4+LRR_adjacent+Flg_new+Flg_new	LRR_sd22_2+LRR_sd22_2+LRR_typ_2+LRR_sd22_2+LRR_typ_2+LRR_sd22_2+LRR_typ_2+LRR_sd22_2+LRR_typ_2	SigP+SigP_Nterm+SigP_H+SigP_Cterm+NonCyt+TM+Cyt	Internalin N-terminal Cap domain-like+Ribonuclease Inhibitor+Listeria-Bacteroides repeat domain superfamily+Listeria-Bacteroides repeat domain superfamily	Region of a membrane-bound protein predicted to be embedded in the membrane.+Region of a membrane-bound protein predicted to be embedded in the membrane.	SignalP-TM	L domain-like+E set domains	NA	List_Bact_rpt+List_Bact_rpt+LPXTG_anchor
WP_070241341.1	ivanovii	InlH/InlC2 family class 1 internalin [Listeria monocytogenes]	Listeria monocytogenes	1639	Bacteria>Firmicutes	40.57	22.57	350	WP_070241341	ref|WP_070241341.1|	213	17	2	327	350	6	321	548	1.81e-33	140	40.57	Lm_WP_070241341.1	ivanovii	1.263	Internalin_N+LRR_4+LRR_6+LRR_4+LRR_adjacent+Flg_new+Flg_new	LRR_sd22_2+LRR_typ_2+LRR_sd22_2+LRR_typ_2+LRR_sd22_2+LRR_typ_2+LRR_sd22_2+LRR_typ_2+LRR_sd22_2+LRR_typ_2	SigP+SigP_Nterm+SigP_H+SigP_Cterm+NonCyt+TM+Cyt	Internalin N-terminal Cap domain-like+Ribonuclease Inhibitor+Listeria-Bacteroides repeat domain superfamily+Listeria-Bacteroides repeat domain superfamily	Region of a membrane-bound protein predicted to be embedded in the membrane.+Region of a membrane-bound protein predicted to be embedded in the membrane.	SignalP-TM	L domain-like+E set domains	NA	List_Bact_rpt+List_Bact_rpt+LPXTG_anchor
WP_120186602.1	ivanovii	internalin, partial [Listeria monocytogenes]	Listeria monocytogenes	1639	Bacteria>Firmicutes	40.57	22.29	350	WP_120186602	ref|WP_120186602.1|	214	17	2	327	350	6	321	392	1.41e-32	135	40.57	Lm_WP_120186602.1	ivanovii	1.263	Internalin_N+LRR_6+LRR_4+LRR_4+LRR_adjacent+Flg_new	LRR_sd22_2+LRR_sd22_2+LRR_typ_2+LRR_sd22_2+LRR_typ_2+LRR_sd22_2+LRR_typ_2+LRR_sd22_2+LRR_typ_2	SigP+SigP_Nterm+SigP_H+SigP_Cterm+NonCyt	Internalin N-terminal Cap domain-like+Ribonuclease Inhibitor+Listeria-Bacteroides repeat domain superfamily	Region of a membrane-bound protein predicted to be embedded in the membrane.	SignalP-TM	L domain-like+E set domains	NA	NA
WP_061105794.1	ivanovii	class 1 internalin InlC2, partial [Listeria monocytogenes]	Listeria monocytogenes	1639	Bacteria>Firmicutes	40.29	22	350	WP_061105794	ref|WP_061105794.1|	215	17	2	327	350	6	321	427	3e-30	129	40.29	Lm_WP_061105794.1	ivanovii	1.263	Internalin_N+LRR_4+LRR_4+LRR_adjacent+Flg_new	LRR_sd22_2+LRR_sd22_2+LRR_typ_2+LRR_sd22_2+LRR_typ_2+LRR_sd22_2+LRR_typ_2+LRR_sd22_2+LRR_typ_2	SigP+SigP_Nterm+SigP_H+SigP_Cterm+NonCyt	Internalin N-terminal Cap domain-like+Ribonuclease Inhibitor+Listeria-Bacteroides repeat domain superfamily	Region of a membrane-bound protein predicted to be embedded in the membrane.	SignalP-TM	L domain-like+E set domains	NA	List_Bact_rpt
WP_110097511.1	ivanovii	LPXTG cell wall anchor domain-containing protein [Listeria monocytogenes]	Listeria monocytogenes	1639	Bacteria>Firmicutes	40.29	22.29	350	WP_110097511	ref|WP_110097511.1|	214	17	2	327	350	6	321	629	1.04e-30	133	40.29	Lm_WP_110097511.1	ivanovii	1.263	Internalin_N+LRR_4+LRR_4+LRR_adjacent+LRR_adjacent+Flg_new+Flg_new+Flg_new	LRR_sd22_2+LRR_sd22_2+LRR_typ_2+LRR_sd22_2+LRR_typ_2+LRR_sd22_2+LRR_typ_2+LRR_sd22_2+LRR_typ_2	SigP+SigP_Nterm+SigP_H+SigP_Cterm+NonCyt+TM+Cyt	Internalin N-terminal Cap domain-like+Ribonuclease Inhibitor+Listeria-Bacteroides repeat domain superfamily+Listeria-Bacteroides repeat domain superfamily+Listeria-Bacteroides repeat domain superfamily	Region of a membrane-bound protein predicted to be embedded in the membrane.+Region of a membrane-bound protein predicted to be embedded in the membrane.	SignalP-TM	L domain-like+E set domains	consensus disorder prediction	List_Bact_rpt+List_Bact_rpt+LPXTG_anchor
WP_110097869.1	ivanovii	internalin [Listeria monocytogenes]	Listeria monocytogenes	1639	Bacteria>Firmicutes	40.29	22.29	350	WP_110097869	ref|WP_110097869.1|	214	17	2	327	350	6	321	503	1.77e-30	131	40.29	Lm_WP_110097869.1	ivanovii	1.263	Internalin_N+LRR_4+LRR_4+LRR_adjacent+LRR_adjacent+Flg_new+Flg_new	LRR_sd22_2+LRR_sd22_2+LRR_typ_2+LRR_sd22_2+LRR_typ_2+LRR_sd22_2+LRR_typ_2+LRR_sd22_2+LRR_typ_2	SigP+SigP_Nterm+SigP_H+SigP_Cterm+NonCyt+TM+Cyt	Internalin N-terminal Cap domain-like+Ribonuclease Inhibitor+Listeria-Bacteroides repeat domain superfamily+Listeria-Bacteroides repeat domain superfamily	Region of a membrane-bound protein predicted to be embedded in the membrane.+Region of a membrane-bound protein predicted to be embedded in the membrane.	SignalP-TM	L domain-like+E set domains	NA	List_Bact_rpt
WP_110115303.1	ivanovii	LPXTG cell wall anchor domain-containing protein [Listeria monocytogenes]	Listeria monocytogenes	1639	Bacteria>Firmicutes	40.29	22.29	350	WP_110115303	ref|WP_110115303.1|	214	17	2	327	350	6	321	599	1.08e-30	133	40.29	Lm_WP_110115303.1	ivanovii	1.263	Internalin_N+LRR_4+LRR_4+LRR_adjacent+Flg_new+Flg_new+Flg_new	LRR_sd22_2+LRR_sd22_2+LRR_typ_2+LRR_sd22_2+LRR_typ_2+LRR_sd22_2+LRR_typ_2+LRR_sd22_2+LRR_typ_2	SigP+SigP_Nterm+SigP_H+SigP_Cterm+NonCyt+TM+Cyt	Internalin N-terminal Cap domain-like+Ribonuclease Inhibitor+Listeria-Bacteroides repeat domain superfamily+Listeria-Bacteroides repeat domain superfamily+Listeria-Bacteroides repeat domain superfamily	Region of a membrane-bound protein predicted to be embedded in the membrane.+Region of a membrane-bound protein predicted to be embedded in the membrane.	SignalP-TM	L domain-like+E set domains	consensus disorder prediction	List_Bact_rpt+List_Bact_rpt+LPXTG_anchor
WP_110115313.1	ivanovii	LPXTG cell wall anchor domain-containing protein [Listeria monocytogenes]	Listeria monocytogenes	1639	Bacteria>Firmicutes	40.29	22.29	350	WP_110115313	ref|WP_110115313.1|	214	17	2	327	350	6	321	505	3.16e-30	130	40.29	Lm_WP_110115313.1	ivanovii	1.263	Internalin_N+LRR_4+LRR_4+LRR_adjacent+LRR_adjacent+Flg_new	LRR_sd22_2+LRR_sd22_2+LRR_typ_2+LRR_sd22_2+LRR_typ_2+LRR_sd22_2+LRR_typ_2+LRR_sd22_2+LRR_typ_2	SigP+SigP_Nterm+SigP_H+SigP_Cterm+NonCyt+TM+Cyt	Internalin N-terminal Cap domain-like+Ribonuclease Inhibitor+Listeria-Bacteroides repeat domain superfamily	Region of a membrane-bound protein predicted to be embedded in the membrane.+Region of a membrane-bound protein predicted to be embedded in the membrane.	SignalP-TM	L domain-like+E set domains	NA	List_Bact_rpt+LPXTG_anchor
WP_149041317.1	ivanovii	InlH/InlC2 family class 1 internalin [Listeria monocytogenes]	Listeria monocytogenes	1639	Bacteria>Firmicutes	40.29	22.57	350	WP_149041317	ref|WP_149041317.1|	213	17	2	327	350	6	321	548	5.25e-34	141	40.29	Lm_WP_149041317.1	ivanovii	1.263	Internalin_N+LRR_4+LRR_6+LRR_4+LRR_4+LRR_adjacent+Flg_new+Flg_new	LRR_sd22_2+LRR_sd22_2+LRR_typ_2+LRR_sd22_2+LRR_typ_2+LRR_sd22_2+LRR_typ_2+LRR_sd22_2+LRR_typ_2	SigP+SigP_Nterm+SigP_H+SigP_Cterm+NonCyt+TM+Cyt	Internalin N-terminal Cap domain-like+Ribonuclease Inhibitor+Listeria-Bacteroides repeat domain superfamily+Listeria-Bacteroides repeat domain superfamily	Region of a membrane-bound protein predicted to be embedded in the membrane.+Region of a membrane-bound protein predicted to be embedded in the membrane.	SignalP-TM	L domain-like+E set domains	NA	List_Bact_rpt+List_Bact_rpt+LPXTG_anchor
WP_070034320.1	ivanovii	GW domain-containing glycosaminoglycan-binding protein [Listeria monocytogenes]	Listeria monocytogenes	1639	Bacteria>Firmicutes	40.28	21.91	315	WP_070034320	ref|WP_070034320.1|	214	14	2	309	350	6	295	630	3.08e-38	154	44.76	Lm_WP_070034320.1	ivanovii	2.207	Internalin_N+LRR_4+LRR_adjacent+Flg_new+GW+GW+GW	LRR_sd22_2+LRR_typ_2+LRR_sd22_2+LRR_sd22_2+LRR_sd22_2+LRR_typ_2+LRR_sd22_2+LRR_typ_2+LRR_sd22_2+LRR_typ_2	SigP+SigP_Nterm+SigP_H+SigP_Cterm+NonCyt	Ribonuclease Inhibitor+Listeria-Bacteroides repeat domain superfamily+GW domain superfamily+GW domain superfamily+GW domain superfamily	Region of a membrane-bound protein predicted to be embedded in the membrane.	NA	L domain-like+E set domains+Prokaryotic SH3-related domain+Prokaryotic SH3-related domain+Prokaryotic SH3-related domain	NA	List_Bact_rpt
WP_149187006.1	ivanovii	GW domain-containing glycosaminoglycan-binding protein [Listeria monocytogenes]	Listeria monocytogenes	1639	Bacteria>Firmicutes	40.28	22.22	315	WP_149187006	ref|WP_149187006.1|	213	15	2	309	350	6	295	630	9.6e-38	153	44.76	Lm_WP_149187006.1	ivanovii	2.207	Internalin_N+LRR_8+LRR_4+LRR_adjacent+Flg_new+GW+GW+GW	LRR_sd22_2+LRR_typ_2+LRR_sd22_2+LRR_sd22_2+LRR_typ_2+LRR_sd22_2+LRR_typ_2+LRR_sd22_2+LRR_typ_2	SigP+SigP_Nterm+SigP_H+SigP_Cterm+NonCyt	Ribonuclease Inhibitor+Listeria-Bacteroides repeat domain superfamily+GW domain superfamily+GW domain superfamily+GW domain superfamily	Region of a membrane-bound protein predicted to be embedded in the membrane.	NA	L domain-like+E set domains+Prokaryotic SH3-related domain+Prokaryotic SH3-related domain+Prokaryotic SH3-related domain	NA	List_Bact_rpt
WP_003728061.1	seeligeri_3_RS12050	LPXTG cell wall anchor domain-containing protein [Listeria monocytogenes]	Listeria monocytogenes	1639	Bacteria>Firmicutes	39.88	21.07	356	WP_003728061	ref|WP_003728061.1|	234	14	3	334	346	9	341	499	1.53e-33	139	38.76	Lm_WP_003728061.1	seeligeri_3_RS12050	9.12	Internalin_N+LRR_4+LRR_4+LRR_4+LRR_adjacent+Flg_new	LRR_sd22_2+LRR_typ_2+LRR_sd22_2+LRR_typ_2+LRR_sd22_2+LRR_typ_2+LRR_sd22_2+LRR_typ_2+LRR_sd22_2+LRR_typ_2	SigP+SigP_Nterm+SigP_H+SigP_Cterm+NonCyt+TM+Cyt	Ribonuclease Inhibitor+Listeria-Bacteroides repeat domain superfamily	Region of a membrane-bound protein predicted to be embedded in the membrane.+Region of a membrane-bound protein predicted to be embedded in the membrane.	SignalP-TM	L domain-like+E set domains	consensus disorder prediction	List_Bact_rpt+LPXTG_anchor
WP_052010532.1	ivanovii	LPXTG cell wall anchor domain-containing protein [Listeria ivanovii]	Listeria ivanovii	1638	Bacteria>Firmicutes	39.72	21.75	354	WP_052010532	ref|WP_052010532.1|	217	16	6	331	350	10	331	1049	9.27e-30	131	39.27	Liv_WP_052010532.1	ivanovii	12.11	Internalin_N+LRR_4+LRR_adjacent+Flg_new+Flg_new+Flg_new+Flg_new+Flg_new+Flg_new+Flg_new+Flg_new+Flg_new+Gram_pos_anchor	LRR_sd22_2+LRR_bac_2+LRR_sd22_2+LRR_typ_2+LRR_sd22_2+LRR_sd22_2+LRR_typ_2+LRR_bac_2+LRR_bac_2+LRR_sd22_2+LRR_typ_2+LRR_sd22_2	Cyt+TM+NonCyt+TM+Cyt	Internalin N-terminal Cap domain-like+Ribonuclease Inhibitor+Listeria-Bacteroides repeat domain superfamily+Listeria-Bacteroides repeat domain superfamily+Listeria-Bacteroides repeat domain superfamily+Listeria-Bacteroides repeat domain superfamily+Listeria-Bacteroides repeat domain superfamily+Listeria-Bacteroides repeat domain superfamily+Listeria-Bacteroides repeat domain superfamily+Listeria-Bacteroides repeat domain superfamily+Listeria-Bacteroides repeat domain superfamily	Region of a membrane-bound protein predicted to be embedded in the membrane.+Region of a membrane-bound protein predicted to be embedded in the membrane.	SignalP-TM	L domain-like+E set domains	NA	List_Bact_rpt+List_Bact_rpt+List_Bact_rpt+List_Bact_rpt+List_Bact_rpt+List_Bact_rpt+List_Bact_rpt+List_Bact_rpt+List_Bact_rpt+LPXTG_anchor
WP_110164984.1	ivanovii	LPXTG cell wall anchor domain-containing protein [Listeria monocytogenes]	Listeria monocytogenes	1639	Bacteria>Firmicutes	39.71	22.57	350	WP_110164984	ref|WP_110164984.1|	213	17	2	327	350	6	321	555	1.89e-32	137	39.71	Lm_WP_110164984.1	ivanovii	1.263	Internalin_N+LRR_6+LRR_4+LRR_4+LRR_adjacent+LRR_adjacent+Flg_new+Flg_new	LRR_sd22_2+LRR_sd22_2+LRR_typ_2+LRR_sd22_2+LRR_typ_2+LRR_sd22_2+LRR_typ_2+LRR_sd22_2+LRR_typ_2	SigP+SigP_Nterm+SigP_H+SigP_Cterm+NonCyt+TM+Cyt	Internalin N-terminal Cap domain-like+Ribonuclease Inhibitor+Listeria-Bacteroides repeat domain superfamily	Region of a membrane-bound protein predicted to be embedded in the membrane.+Region of a membrane-bound protein predicted to be embedded in the membrane.	SignalP-TM	L domain-like+E set domains	consensus disorder prediction	List_Bact_rpt+LPXTG_anchor
WP_102037871.1	ivanovii	internalin, partial [Listeria ivanovii]	Listeria ivanovii	1638	Bacteria>Firmicutes	38.86	22.06	349	WP_102037871	ref|WP_102037871.1|	208	16	6	324	350	10	324	749	8.07e-29	128	38.97	Liv_WP_102037871.1	ivanovii	12.11	Internalin_N+LRR_4+LRR_adjacent+Flg_new+Flg_new+Flg_new+Flg_new+Flg_new+Flg_new	LRR_sd22_2+LRR_bac_2+LRR_sd22_2+LRR_typ_2+LRR_typ_2+LRR_sd22_2+LRR_typ_2+LRR_bac_2+LRR_bac_2+LRR_sd22_2+LRR_typ_2+LRR_bac_2+LRR_sd22_2+LRR_typ_2	Cyt+TM+NonCyt	Ribonuclease Inhibitor+Listeria-Bacteroides repeat domain superfamily+Listeria-Bacteroides repeat domain superfamily+Listeria-Bacteroides repeat domain superfamily+Listeria-Bacteroides repeat domain superfamily+Listeria-Bacteroides repeat domain superfamily+Listeria-Bacteroides repeat domain superfamily	Region of a membrane-bound protein predicted to be embedded in the membrane.	SignalP-TM	L domain-like+E set domains	NA	List_Bact_rpt+List_Bact_rpt+List_Bact_rpt+List_Bact_rpt+List_Bact_rpt+List_Bact_rpt
WP_111130740.1	ivanovii	LPXTG cell wall anchor domain-containing protein [Listeria ivanovii]	Listeria ivanovii	1638	Bacteria>Firmicutes	38.86	22.06	349	WP_111130740	ref|WP_111130740.1|	208	16	6	324	350	10	324	1187	1.9e-30	133	38.97	Liv_WP_111130740.1	ivanovii	12.11	Internalin_N+LRR_4+LRR_adjacent+Flg_new+Flg_new+Flg_new+Flg_new+Flg_new+Flg_new+Flg_new+Flg_new+Flg_new+Flg_new+Flg_new+Gram_pos_anchor	LRR_sd22_2+LRR_bac_2+LRR_sd22_2+LRR_typ_2+LRR_typ_2+LRR_sd22_2+LRR_typ_2+LRR_bac_2+LRR_bac_2+LRR_sd22_2+LRR_typ_2+LRR_bac_2+LRR_sd22_2+LRR_typ_2	Cyt+TM+NonCyt+TM+Cyt	Internalin N-terminal Cap domain-like+Ribonuclease Inhibitor+Listeria-Bacteroides repeat domain superfamily+Listeria-Bacteroides repeat domain superfamily+Listeria-Bacteroides repeat domain superfamily+Listeria-Bacteroides repeat domain superfamily+Listeria-Bacteroides repeat domain superfamily+Listeria-Bacteroides repeat domain superfamily+Listeria-Bacteroides repeat domain superfamily+Listeria-Bacteroides repeat domain superfamily+Listeria-Bacteroides repeat domain superfamily+Listeria-Bacteroides repeat domain superfamily+Listeria-Bacteroides repeat domain superfamily	Region of a membrane-bound protein predicted to be embedded in the membrane.+Region of a membrane-bound protein predicted to be embedded in the membrane.	SignalP-TM	L domain-like+E set domains	consensus disorder prediction	List_Bact_rpt+List_Bact_rpt+List_Bact_rpt+List_Bact_rpt+List_Bact_rpt+List_Bact_rpt+List_Bact_rpt+List_Bact_rpt+List_Bact_rpt+List_Bact_rpt+List_Bact_rpt+LPXTG_anchor
WP_112107397.1	ivanovii	hypothetical protein, partial [Listeria ivanovii]	Listeria ivanovii	1638	Bacteria>Firmicutes	38.86	22.06	349	WP_112107397	ref|WP_112107397.1|	208	16	6	324	350	10	324	662	2.86e-28	126	38.97	Liv_WP_112107397.1	ivanovii	12.11	Internalin_N+LRR_4+LRR_adjacent+Flg_new+Flg_new+Flg_new+Flg_new+Flg_new	LRR_sd22_2+LRR_bac_2+LRR_sd22_2+LRR_typ_2+LRR_typ_2+LRR_sd22_2+LRR_typ_2+LRR_bac_2+LRR_bac_2+LRR_sd22_2+LRR_typ_2+LRR_bac_2+LRR_sd22_2+LRR_typ_2	Cyt+TM+NonCyt	Internalin N-terminal Cap domain-like+Ribonuclease Inhibitor+Ribonuclease Inhibitor+Listeria-Bacteroides repeat domain superfamily+Listeria-Bacteroides repeat domain superfamily+Listeria-Bacteroides repeat domain superfamily+Listeria-Bacteroides repeat domain superfamily+Listeria-Bacteroides repeat domain superfamily	Region of a membrane-bound protein predicted to be embedded in the membrane.	SignalP-TM	L domain-like+E set domains	NA	List_Bact_rpt+List_Bact_rpt+List_Bact_rpt+List_Bact_rpt+List_Bact_rpt
WP_069888097.1	ivanovii	GW domain-containing glycosaminoglycan-binding protein [Listeria monocytogenes]	Listeria monocytogenes	1639	Bacteria>Firmicutes	37.71	21.27	315	WP_069888097	ref|WP_069888097.1|	216	13	2	309	350	6	295	630	3.24e-34	143	41.9	Lm_WP_069888097.1	ivanovii	2.207	Internalin_N+LRR_8+LRR_adjacent+Flg_new+GW+GW+GW	LRR_sd22_2+LRR_typ_2+LRR_sd22_2+LRR_sd22_2+LRR_sd22_2+LRR_typ_2+LRR_sd22_2+LRR_typ_2+LRR_sd22_2+LRR_typ_2	Cyt+TM+NonCyt	Ribonuclease Inhibitor+Listeria-Bacteroides repeat domain superfamily+GW domain superfamily+GW domain superfamily+GW domain superfamily	Region of a membrane-bound protein predicted to be embedded in the membrane.	NA	L domain-like+E set domains+Prokaryotic SH3-related domain+Prokaryotic SH3-related domain+Prokaryotic SH3-related domain	NA	List_Bact_rpt
WP_014091885.1	ivanovii	GW domain-containing glycosaminoglycan-binding protein [Listeria ivanovii]	Listeria ivanovii	1638	Bacteria>Firmicutes	37.43	23.68	304	WP_014091885	ref|WP_014091885.1|	189	15	7	298	350	11	283	794	2.4e-31	135	43.09	Liv_WP_014091885.1	ivanovii	11.13	Internalin_N+LRR_4+LRR_adjacent+Flg_new+GW+GW+GW+GW+GW	LRR_sd22_2+LRR_typ_2+LRR_sd22_2+LRR_typ_2+LRR_sd22_2+LRR_typ_2+LRR_typ_2+LRR_typ_2	Cyt+TM+NonCyt	Internalin N-terminal Cap domain-like+Ribonuclease Inhibitor+Listeria-Bacteroides repeat domain superfamily+GW domain superfamily+GW domain superfamily+GW domain superfamily+GW domain superfamily+GW domain superfamily	Region of a membrane-bound protein predicted to be embedded in the membrane.	NA	L domain-like+E set domains+Prokaryotic SH3-related domain+Prokaryotic SH3-related domain+Prokaryotic SH3-related domain+Prokaryotic SH3-related domain+Prokaryotic SH3-related domain	NA	List_Bact_rpt
WP_111151248.1	ivanovii	GW domain-containing glycosaminoglycan-binding protein, partial [Listeria ivanovii]	Listeria ivanovii	1638	Bacteria>Firmicutes	37.43	23.68	304	WP_111151248	ref|WP_111151248.1|	189	15	7	298	350	11	283	522	6.35e-30	130	43.09	Liv_WP_111151248.1	ivanovii	11.13	Internalin_N+LRR_4+LRR_adjacent+Flg_new+GW+GW	LRR_sd22_2+LRR_typ_2+LRR_sd22_2+LRR_typ_2+LRR_sd22_2+LRR_typ_2+LRR_typ_2+LRR_typ_2	Cyt+TM+NonCyt	Internalin N-terminal Cap domain-like+Ribonuclease Inhibitor+Listeria-Bacteroides repeat domain superfamily+GW domain superfamily+GW domain superfamily	Region of a membrane-bound protein predicted to be embedded in the membrane.	NA	L domain-like+E set domains+Prokaryotic SH3-related domain+Prokaryotic SH3-related domain	NA	List_Bact_rpt
WP_143211001.1	ivanovii	GW domain-containing glycosaminoglycan-binding protein, partial [Listeria ivanovii]	Listeria ivanovii	1638	Bacteria>Firmicutes	37.43	23.68	304	WP_143211001	ref|WP_143211001.1|	189	15	7	298	350	11	283	506	8.23e-30	129	43.09	Liv_WP_143211001.1	ivanovii	11.13	Internalin_N+LRR_4+LRR_adjacent+Flg_new	LRR_sd22_2+LRR_typ_2+LRR_sd22_2+LRR_typ_2+LRR_sd22_2+LRR_typ_2+LRR_typ_2+LRR_typ_2	Cyt+TM+NonCyt	Internalin N-terminal Cap domain-like+Ribonuclease Inhibitor+Listeria-Bacteroides repeat domain superfamily+GW domain superfamily+GW domain superfamily	Region of a membrane-bound protein predicted to be embedded in the membrane.	NA	L domain-like+E set domains+Prokaryotic SH3-related domain+Prokaryotic SH3-related domain	NA	List_Bact_rpt
WP_140442524.1	monocytogenes_inlP	leucine-rich repeat domain-containing protein, partial [Listeria monocytogenes]	Listeria monocytogenes	1639	Bacteria>Firmicutes	36.95	91.28	149	WP_140442524	ref|WP_140442524.1|	12	1	240	387	387	1	149	149	1.69e-52	180	95.97	Lm_WP_140442524.1	monocytogenes_inlP	3.122	LRR_1	LRR_typ_2+LRR_typ_2	NA	Ribonuclease Inhibitor	NA	NA	L domain-like	NA	NA
WP_069027490.1	ivanovii	GW domain-containing glycosaminoglycan-binding protein [Listeria monocytogenes]	Listeria monocytogenes	1639	Bacteria>Firmicutes	36.85	20.95	315	WP_069027490	ref|WP_069027490.1|	217	13	2	309	350	6	295	583	2.41e-34	143	40.95	Lm_WP_069027490.1	ivanovii	2.207	Internalin_N+LRR_8+LRR_4+LRR_adjacent+GW+GW+GW	LRR_sd22_2+LRR_typ_2+LRR_sd22_2+LRR_sd22_2+LRR_typ_2+LRR_sd22_2+LRR_typ_2+LRR_sd22_2+LRR_typ_2+LRR_sd22_2+LRR_typ_2	SigP+SigP_Nterm+SigP_H+SigP_Cterm+NonCyt	Ribonuclease Inhibitor+GW domain superfamily+GW domain superfamily+GW domain superfamily	Region of a membrane-bound protein predicted to be embedded in the membrane.	NA	L domain-like+E set domains+Prokaryotic SH3-related domain+Prokaryotic SH3-related domain+Prokaryotic SH3-related domain	NA	NA
WP_074467472.1	ivanovii	GW domain-containing glycosaminoglycan-binding protein, partial [Listeria monocytogenes]	Listeria monocytogenes	1639	Bacteria>Firmicutes	36.85	20.95	315	WP_074467472	ref|WP_074467472.1|	217	13	2	309	350	6	295	533	1.1e-33	140	40.95	Lm_WP_074467472.1	ivanovii	2.207	Internalin_N+LRR_8+LRR_4+LRR_adjacent+Flg_new+GW+GW	LRR_sd22_2+LRR_typ_2+LRR_sd22_2+LRR_sd22_2+LRR_typ_2+LRR_sd22_2+LRR_typ_2+LRR_sd22_2+LRR_typ_2+LRR_sd22_2+LRR_typ_2	SigP+SigP_Nterm+SigP_H+SigP_Cterm+NonCyt	Ribonuclease Inhibitor+Listeria-Bacteroides repeat domain superfamily+GW domain superfamily+GW domain superfamily	Region of a membrane-bound protein predicted to be embedded in the membrane.	NA	L domain-like+E set domains+Prokaryotic SH3-related domain+Prokaryotic SH3-related domain	NA	List_Bact_rpt
WP_038406661.1	seeligeri_2_RS12045	GW domain-containing glycosaminoglycan-binding protein [Listeria ivanovii]	Listeria ivanovii	1638	Bacteria>Firmicutes	36.6	20.74	299	WP_038406661	ref|WP_038406661.1|	197	13	4	297	347	11	274	794	1.6e-28	127	42.47	Liv_WP_038406661.1	seeligeri_2_RS12045	10.13	NA	NA	NA	NA	NA	NA	NA	NA	NA
WP_070295358.1	ivanovii	LPXTG cell wall anchor domain-containing protein [Listeria monocytogenes]	Listeria monocytogenes	1639	Bacteria>Firmicutes	36	21.93	310	WP_070295358	ref|WP_070295358.1|	202	14	6	300	350	9	293	499	2.68e-26	119	40.65	Lm_WP_070295358.1	ivanovii	6.35	Internalin_N+LRR_4+LRR_adjacent+Flg_new	LRR_sd22_2+LRR_typ_2+LRR_sd22_2+LRR_typ_2+LRR_sd22_2+LRR_typ_2+LRR_sd22_2+LRR_typ_2+LRR_sd22_2+LRR_typ_2	SigP+SigP_Nterm+SigP_H+SigP_Cterm+NonCyt+TM+Cyt	Ribonuclease Inhibitor+Listeria-Bacteroides repeat domain superfamily	Region of a membrane-bound protein predicted to be embedded in the membrane.+Region of a membrane-bound protein predicted to be embedded in the membrane.	SignalP-TM	L domain-like+E set domains	consensus disorder prediction	List_Bact_rpt+LPXTG_anchor
WP_070242630.1	monocytogenes_inlP	class 1 internalin InlF [Listeria monocytogenes]	Listeria monocytogenes	1639	Bacteria>Firmicutes	34.63	20.41	387	WP_070242630	ref|WP_070242630.1|	228	8	2	312	387	8	390	821	3.44e-39	159	34.63	Lm_WP_070242630.1	monocytogenes_inlP	10.11	Internalin_N+LRR_6+LRR_4+LRR_8+LRR_6+LRR_adjacent+Flg_new+Flg_new+Flg_new+Flg_new	LRR_sd22_2+LRR_bac_2+LRR_sd22_2+LRR_typ_2+LRR_sd22_2+LRR_typ_2+LRR_sd22_2+LRR_typ_2+LRR_bac_2+LRR_sd22_2+LRR_typ_2+LRR_sd22_2+LRR_bac_2+LRR_sd22_2+LRR_typ_2+LRR_bac_2+LRR_sd22_2+LRR_typ_2+LRR_bac_2+LRR_sd22_2+LRR_typ_2+LRR_sd22_2+LRR_typ_2	SigP+SigP_Nterm+SigP_H+SigP_Cterm+NonCyt+TM+Cyt	Ribonuclease Inhibitor+Listeria-Bacteroides repeat domain superfamily+Listeria-Bacteroides repeat domain superfamily+Listeria-Bacteroides repeat domain superfamily+Listeria-Bacteroides repeat domain superfamily	Region of a membrane-bound protein predicted to be embedded in the membrane.	SignalP-TM	L domain-like+E set domains	NA	List_Bact_rpt+List_Bact_rpt+List_Bact_rpt+List_Bact_rpt+LPXTG_anchor
WP_111130751.1	ivanovii	GW domain-containing glycosaminoglycan-binding protein [Listeria ivanovii]	Listeria ivanovii	1638	Bacteria>Firmicutes	34.29	20.2	292	WP_111130751	ref|WP_111130751.1|	193	14	7	289	350	3	263	785	1.51e-29	130	41.1	Liv_WP_111130751.1	ivanovii	16.5	Internalin_N+LRR_8+LRR_adjacent+Flg_new+GW+GW+GW+GW+GW	LRR_sd22_2+LRR_typ_2+LRR_sd22_2+LRR_typ_2+LRR_sd22_2+LRR_typ_2+LRR_sd22_2+LRR_typ_2+LRR_sd22_2+LRR_typ_2	SigP+SigP_Nterm+SigP_H+SigP_Cterm+NonCyt	Internalin N-terminal Cap domain-like+Ribonuclease Inhibitor+Listeria-Bacteroides repeat domain superfamily+GW domain superfamily+GW domain superfamily+GW domain superfamily+GW domain superfamily+GW domain superfamily	NA	NA	L domain-like+E set domains+Prokaryotic SH3-related domain+Prokaryotic SH3-related domain+Prokaryotic SH3-related domain+Prokaryotic SH3-related domain+Prokaryotic SH3-related domain	NA	List_Bact_rpt
WP_112107399.1	ivanovii	GW domain-containing glycosaminoglycan-binding protein, partial [Listeria ivanovii]	Listeria ivanovii	1638	Bacteria>Firmicutes	34.29	20.2	292	WP_112107399	ref|WP_112107399.1|	193	14	7	289	350	3	263	691	1.62e-28	127	41.1	Liv_WP_112107399.1	ivanovii	16.5	Internalin_N+LRR_8+LRR_adjacent+Flg_new+GW+GW+GW+GW	LRR_sd22_2+LRR_typ_2+LRR_sd22_2+LRR_typ_2+LRR_sd22_2+LRR_typ_2+LRR_sd22_2+LRR_typ_2+LRR_sd22_2+LRR_typ_2	SigP+SigP_Nterm+SigP_H+SigP_Cterm+NonCyt	Internalin N-terminal Cap domain-like+Ribonuclease Inhibitor+Listeria-Bacteroides repeat domain superfamily+GW domain superfamily+GW domain superfamily+GW domain superfamily+GW domain superfamily	NA	NA	L domain-like+E set domains+Prokaryotic SH3-related domain+Prokaryotic SH3-related domain+Prokaryotic SH3-related domain+Prokaryotic SH3-related domain	NA	List_Bact_rpt
WP_069000955.1	seeligeri_3_RS12050	hypothetical protein [Listeria monocytogenes]	Listeria monocytogenes	1639	Bacteria>Firmicutes	32.95	18.05	266	WP_069000955	ref|WP_069000955.1|	199	9	1	263	346	7	256	775	3.44e-39	158	42.86	Lm_WP_069000955.1	seeligeri_3_RS12050	11.8	Internalin_N+LRR_4+LRR_4+LRR_4+LRR_adjacent+Flg_new+Flg_new+Flg_new	LRR_sd22_2+LRR_sd22_2+LRR_typ_2+LRR_bac_2+LRR_sd22_2+LRR_typ_2+LRR_sd22_2+LRR_typ_2+LRR_bac_2+LRR_sd22_2+LRR_typ_2+LRR_sd22_2+LRR_typ_2+LRR_sd22_2+LRR_sd22_2+LRR_typ_2+LRR_sd22_2+LRR_typ_2+LRR_bac_2+LRR_sd22_2+LRR_typ_2+LRR_bac_2+LRR_sd22_2+LRR_typ_2	Cyt+TM+NonCyt+TM+Cyt	Internalin N-terminal Cap domain-like+Ribonuclease Inhibitor+Ribonuclease Inhibitor+Listeria-Bacteroides repeat domain superfamily+Listeria-Bacteroides repeat domain superfamily+Listeria-Bacteroides repeat domain superfamily	Region of a membrane-bound protein predicted to be embedded in the membrane.+Region of a membrane-bound protein predicted to be embedded in the membrane.	NA	L domain-like+E set domains	consensus disorder prediction+consensus disorder prediction+consensus disorder prediction	List_Bact_rpt+List_Bact_rpt+List_Bact_rpt
WP_070241340.1	monocytogenes_inlP	LPXTG cell wall anchor domain-containing protein [Listeria monocytogenes]	Listeria monocytogenes	1639	Bacteria>Firmicutes	32.56	16.08	342	WP_070241340	ref|WP_070241340.1|	252	8	2	334	387	8	323	568	3.42e-38	154	36.84	Lm_WP_070241340.1	monocytogenes_inlP	4.45	Internalin_N+LRR_adjacent+Flg_new+Flg_new	LRR_sd22_2+LRR_typ_2+LRR_sd22_2+LRR_typ_2+LRR_sd22_2+LRR_typ_2+LRR_sd22_2+LRR_typ_2+LRR_sd22_2+LRR_typ_2+LRR_sd22_2+LRR_typ_2	Cyt+TM+NonCyt+TM+Cyt	Internalin N-terminal Cap domain-like+Ribonuclease Inhibitor+Ribonuclease Inhibitor+Listeria-Bacteroides repeat domain superfamily+Listeria-Bacteroides repeat domain superfamily	Region of a membrane-bound protein predicted to be embedded in the membrane.+Region of a membrane-bound protein predicted to be embedded in the membrane.	SignalP-TM	L domain-like+E set domains	NA	List_Bact_rpt+List_Bact_rpt+LPXTG_anchor
WP_033533514.1	monocytogenes_inlP	LPXTG cell wall anchor domain-containing protein [Listeria innocua]	Listeria innocua	1642	Bacteria>Firmicutes	31.78	20.19	312	WP_033533514	ref|WP_033533514.1|	229	6	1	312	387	7	298	505	5.46e-41	161	39.42	Lin_WP_033533514.1	monocytogenes_inlP	6.25	Internalin_N+LRR_4+LRR_adjacent+Flg_new	LRR_typ_2+LRR_sd22_2+LRR_typ_2+LRR_sd22_2+LRR_typ_2+LRR_sd22_2+LRR_typ_2+LRR_sd22_2+LRR_sd22_2+LRR_typ_2+LRR_sd22_2+LRR_typ_2+LRR_typ_2	SigP+SigP_Nterm+SigP_H+SigP_Cterm+NonCyt+TM+Cyt	Internalin N-terminal Cap domain-like+Ribonuclease Inhibitor+Ribonuclease Inhibitor+Listeria-Bacteroides repeat domain superfamily	Region of a membrane-bound protein predicted to be embedded in the membrane.+Region of a membrane-bound protein predicted to be embedded in the membrane.	SignalP-TM	L domain-like+E set domains	NA	List_Bact_rpt+LPXTG_anchor
WP_160464919.1	monocytogenes_inlP	LPXTG cell wall anchor domain-containing protein [Listeria innocua]	Listeria	1637	Bacteria>Firmicutes	31.52	19.87	312	WP_160464919	ref|WP_160464919.1|	230	6	1	312	387	7	298	505	8.56e-41	160	39.1	Lin_WP_160464919.1	monocytogenes_inlP	6.25	Internalin_N+LRR_4+LRR_adjacent+Flg_new	LRR_typ_2+LRR_sd22_2+LRR_typ_2+LRR_sd22_2+LRR_typ_2+LRR_sd22_2+LRR_typ_2+LRR_sd22_2+LRR_sd22_2+LRR_typ_2+LRR_typ_2+LRR_sd22_2+LRR_typ_2	SigP+SigP_Nterm+SigP_H+SigP_Cterm+NonCyt+TM+Cyt	Internalin N-terminal Cap domain-like+Ribonuclease Inhibitor+Ribonuclease Inhibitor+Listeria-Bacteroides repeat domain superfamily	Region of a membrane-bound protein predicted to be embedded in the membrane.+Region of a membrane-bound protein predicted to be embedded in the membrane.	SignalP-TM	L domain-like+E set domains	consensus disorder prediction+consensus disorder prediction	List_Bact_rpt+LPXTG_anchor
WP_109908670.1	ivanovii	LPXTG cell wall anchor domain-containing protein [Listeria monocytogenes]	Listeria monocytogenes	1639	Bacteria>Firmicutes	31.43	24.81	262	WP_109908670	ref|WP_109908670.1|	169	9	6	261	350	20	259	555	6.31e-33	138	41.98	Lm_WP_109908670.1	ivanovii	9.2	Internalin_N+LRR_4+LRR_8+LRR_adjacent+Flg_new+Flg_new	LRR_sd22_2+LRR_sd22_2+LRR_typ_2+LRR_sd22_2+LRR_typ_2+LRR_sd22_2+LRR_typ_2+LRR_sd22_2+LRR_typ_2+LRR_sd22_2+LRR_typ_2	Cyt+TM+NonCyt+TM+Cyt	Internalin N-terminal Cap domain-like+Ribonuclease Inhibitor+Ribonuclease Inhibitor+Listeria-Bacteroides repeat domain superfamily+Listeria-Bacteroides repeat domain superfamily	Region of a membrane-bound protein predicted to be embedded in the membrane.+Region of a membrane-bound protein predicted to be embedded in the membrane.	SignalP-TM	L domain-like+E set domains	NA	List_Bact_rpt+List_Bact_rpt+LPXTG_anchor
WP_031649074.1	monocytogenes_inlP	internalin, partial [Listeria innocua]	Listeria innocua	1642	Bacteria>Firmicutes	31.27	20.2	302	WP_031649074	ref|WP_031649074.1|	221	6	1	302	387	7	288	389	7.55e-38	150	40.07	Lin_WP_031649074.1	monocytogenes_inlP	6.25	Internalin_N+LRR_4+LRR_adjacent	LRR_typ_2+LRR_sd22_2+LRR_typ_2+LRR_sd22_2+LRR_typ_2+LRR_sd22_2+LRR_typ_2+LRR_sd22_2+LRR_sd22_2+LRR_typ_2+LRR_typ_2+LRR_sd22_2+LRR_typ_2	SigP+SigP_Nterm+SigP_H+SigP_Cterm+NonCyt	Internalin N-terminal Cap domain-like+Ribonuclease Inhibitor+Ribonuclease Inhibitor	Region of a membrane-bound protein predicted to be embedded in the membrane.	SignalP-TM	L domain-like+E set domains	NA	NA
WP_070222498.1	monocytogenes_inlP	class 1 internalin InlF [Listeria monocytogenes]	Listeria monocytogenes	1639	Bacteria>Firmicutes	31.27	22.36	313	WP_070222498	ref|WP_070222498.1|	203	7	2	280	387	8	314	821	3.56e-40	162	38.66	Lm_WP_070222498.1	monocytogenes_inlP	10.11	Internalin_N+LRR_4+LRR_6+LRR_8+LRR_6+LRR_adjacent+Flg_new+Flg_new+Flg_new+Flg_new	LRR_sd22_2+LRR_bac_2+LRR_sd22_2+LRR_typ_2+LRR_bac_2+LRR_sd22_2+LRR_typ_2+LRR_sd22_2+LRR_typ_2+LRR_bac_2+LRR_sd22_2+LRR_typ_2+LRR_sd22_2+LRR_sd22_2+LRR_typ_2+LRR_bac_2+LRR_sd22_2+LRR_typ_2+LRR_bac_2+LRR_sd22_2+LRR_typ_2+LRR_sd22_2+LRR_typ_2	Cyt+TM+NonCyt+TM+Cyt	Ribonuclease Inhibitor+Listeria-Bacteroides repeat domain superfamily+Listeria-Bacteroides repeat domain superfamily+Listeria-Bacteroides repeat domain superfamily+Listeria-Bacteroides repeat domain superfamily	Region of a membrane-bound protein predicted to be embedded in the membrane.	SignalP-TM	L domain-like+E set domains	NA	List_Bact_rpt+List_Bact_rpt+List_Bact_rpt+List_Bact_rpt+LPXTG_anchor
WP_149057981.1	monocytogenes_inlP	LPXTG cell wall anchor domain-containing protein [Listeria monocytogenes]	Listeria monocytogenes	1639	Bacteria>Firmicutes	31.27	22.36	313	WP_149057981	ref|WP_149057981.1|	203	7	2	280	387	8	314	751	2.63e-39	159	38.66	Lm_WP_149057981.1	monocytogenes_inlP	10.11	Internalin_N+LRR_4+LRR_6+LRR_8+LRR_6+LRR_adjacent+Flg_new+Flg_new+Flg_new	LRR_sd22_2+LRR_bac_2+LRR_sd22_2+LRR_typ_2+LRR_bac_2+LRR_sd22_2+LRR_typ_2+LRR_sd22_2+LRR_typ_2+LRR_bac_2+LRR_sd22_2+LRR_typ_2+LRR_sd22_2+LRR_sd22_2+LRR_typ_2+LRR_bac_2+LRR_sd22_2+LRR_typ_2+LRR_bac_2+LRR_sd22_2+LRR_typ_2+LRR_sd22_2+LRR_typ_2	Cyt+TM+NonCyt+TM+Cyt	Ribonuclease Inhibitor+Listeria-Bacteroides repeat domain superfamily+Listeria-Bacteroides repeat domain superfamily+Listeria-Bacteroides repeat domain superfamily	Region of a membrane-bound protein predicted to be embedded in the membrane.	SignalP-TM	L domain-like+E set domains	NA	List_Bact_rpt+List_Bact_rpt+List_Bact_rpt+LPXTG_anchor
WP_167468914.1	monocytogenes_inlP	LPXTG cell wall anchor domain-containing protein [Listeria ivanovii]	Listeria ivanovii	1638	Bacteria>Firmicutes	30.23	17.06	340	WP_167468914	ref|WP_167468914.1|	243	6	4	312	387	8	339	553	1.52e-38	155	34.41	Liv_WP_167468914.1	monocytogenes_inlP	14.7	Internalin_N+LRR_4+LRR_6+LRR_4+LRR_adjacent+Flg_new	LRR_sd22_2+LRR_typ_2+LRR_sd22_2+LRR_sd22_2+LRR_typ_2+LRR_sd22_2+LRR_typ_2+LRR_sd22_2+LRR_sd22_2+LRR_typ_2+LRR_sd22_2+LRR_typ_2+LRR_typ_2	SigP+SigP_Nterm+SigP_H+SigP_Cterm+NonCyt+TM+Cyt	Internalin N-terminal Cap domain-like+Ribonuclease Inhibitor+Ribonuclease Inhibitor+Listeria-Bacteroides repeat domain superfamily	Region of a membrane-bound protein predicted to be embedded in the membrane.+Region of a membrane-bound protein predicted to be embedded in the membrane.	SignalP-TM	L domain-like+E set domains	NA	List_Bact_rpt+LPXTG_anchor
WP_160121597.1	seeligeri_2_RS12045	LPXTG cell wall anchor domain-containing protein [Listeria monocytogenes]	Listeria monocytogenes	1639	Bacteria>Firmicutes	29.97	18.22	258	WP_160121597	ref|WP_160121597.1|	172	10	2	239	347	8	246	584	4.95e-25	116	40.31	Lm_WP_160121597.1	seeligeri_2_RS12045	13.1	Internalin_N+LRR_4+LRR_4+LRR_adjacent+Flg_new+Flg_new+Gram_pos_anchor	LRR_sd22_2+LRR_sd22_2+LRR_typ_2+LRR_sd22_2+LRR_typ_2+LRR_sd22_2+LRR_typ_2+LRR_sd22_2+LRR_typ_2+LRR_sd22_2+LRR_sd22_2+LRR_typ_2+LRR_typ_2	SigP+SigP_Nterm+SigP_H+SigP_Cterm+NonCyt+TM+Cyt	Ribonuclease Inhibitor+Listeria-Bacteroides repeat domain superfamily+Listeria-Bacteroides repeat domain superfamily	Region of a membrane-bound protein predicted to be embedded in the membrane.+Region of a membrane-bound protein predicted to be embedded in the membrane.	NA	L domain-like+E set domains	NA	List_Bact_rpt+List_Bact_rpt+LPXTG_anchor
WP_075702529.1	monocytogenes_inlP	LPXTG cell wall anchor domain-containing protein [Listeria seeligeri]	Listeria seeligeri	1640	Bacteria>Firmicutes	29.72	18.91	312	WP_075702529	ref|WP_075702529.1|	234	5	2	302	387	8	311	599	1.89e-37	152	36.86	Ls_WP_075702529.1	monocytogenes_inlP	21.4	Internalin_N+LRR_4+LRR_4+LRR_adjacent+Flg_new+Flg_new+Gram_pos_anchor	LRR_sd22_2+LRR_typ_2+LRR_sd22_2+LRR_typ_2+LRR_sd22_2+LRR_sd22_2+LRR_typ_2+LRR_sd22_2+LRR_sd22_2+LRR_typ_2+LRR_sd22_2+LRR_typ_2	SigP+SigP_Nterm+SigP_H+SigP_Cterm+NonCyt+TM+Cyt	Ribonuclease Inhibitor+Ribonuclease Inhibitor+Listeria-Bacteroides repeat domain superfamily+Listeria-Bacteroides repeat domain superfamily	Region of a membrane-bound protein predicted to be embedded in the membrane.+Region of a membrane-bound protein predicted to be embedded in the membrane.	SignalP-TM	L domain-like+E set domains	consensus disorder prediction	List_Bact_rpt+List_Bact_rpt+LPXTG_anchor
WP_003765406.1	monocytogenes_inlP	internalin A, partial [Listeria innocua]	Listeria innocua	1642	Bacteria>Firmicutes	29.71	19.15	329	WP_003765406	ref|WP_003765406.1|	228	5	2	299	387	9	330	676	8e-43	168	34.95	Lin_WP_003765406.1	monocytogenes_inlP	1.272	Internalin_N+LRR_4+LRR_4+LRR_4+LRR_4+LRR_adjacent+Flg_new+Flg_new+Flg_new	LRR_sd22_2+LRR_typ_2+LRR_sd22_2+LRR_typ_2+LRR_sd22_2+LRR_sd22_2+LRR_typ_2+LRR_sd22_2+LRR_typ_2+LRR_sd22_2+LRR_typ_2+LRR_typ_2+LRR_sd22_2+LRR_typ_2+LRR_sd22_2+LRR_typ_2+LRR_sd22_2+LRR_typ_2+LRR_sd22_2+LRR_sd22_2+LRR_typ_2+LRR_sd22_2	SigP+SigP_Nterm+SigP_H+SigP_Cterm+NonCyt	Ribonuclease Inhibitor+Listeria-Bacteroides repeat domain superfamily+Listeria-Bacteroides repeat domain superfamily+Listeria-Bacteroides repeat domain superfamily	Region of a membrane-bound protein predicted to be embedded in the membrane.	SignalP-TM	L domain-like+L domain-like+E set domains	NA	List_Bact_rpt+List_Bact_rpt
WP_070213144.1	seeligeri_3_RS12050	LPXTG cell wall anchor domain-containing protein [Listeria monocytogenes]	Listeria monocytogenes	1639	Bacteria>Firmicutes	28.9	22.35	255	WP_070213144	ref|WP_070213144.1|	161	8	3	237	346	20	257	626	5.59e-36	147	39.22	Lm_WP_070213144.1	seeligeri_3_RS12050	7.2	Internalin_N+LRR_4+LRR_8+LRR_adjacent+Flg_new+Flg_new+Flg_new	LRR_sd22_2+LRR_typ_2+LRR_sd22_2+LRR_typ_2+LRR_sd22_2+LRR_typ_2+LRR_sd22_2+LRR_typ_2+LRR_sd22_2+LRR_typ_2+LRR_sd22_2+LRR_typ_2	Cyt+TM+NonCyt+TM+Cyt	Internalin N-terminal Cap domain-like+Ribonuclease Inhibitor+Ribonuclease Inhibitor+Listeria-Bacteroides repeat domain superfamily+Listeria-Bacteroides repeat domain superfamily+Listeria-Bacteroides repeat domain superfamily	Region of a membrane-bound protein predicted to be embedded in the membrane.	SignalP-TM	L domain-like+E set domains	NA	List_Bact_rpt+List_Bact_rpt+List_Bact_rpt+LPXTG_anchor
